Date,USD
2012-01-03,1.009
2012-01-04,1.0135
2012-01-05,1.0197
2012-01-06,1.0232
2012-01-09,1.0272
2012-01-10,1.0164
2012-01-11,1.0192
2012-01-12,1.0198
2012-01-13,1.0245
2012-01-16,1.017
2012-01-17,1.0132
2012-01-18,1.014
2012-01-19,1.0095
2012-01-20,1.0143
2012-01-23,1.008
2012-01-24,1.0097
2012-01-25,1.012
2012-01-26,0.9986
2012-01-27,1.0013
2012-01-30,1.0032
2012-01-31,1.0052
2012-02-01,0.9971
2012-02-02,0.9985
2012-02-03,0.9945
2012-02-06,0.9954
2012-02-07,0.9948
2012-02-08,0.997
2012-02-09,0.9941
2012-02-10,1.0016
2012-02-13,0.9996
2012-02-14,0.9991
2012-02-15,0.9965
2012-02-16,0.9962
2012-02-17,0.997
2012-02-20,0.9924
2012-02-21,0.9955
2012-02-22,1.0
2012-02-23,0.9985
2012-02-24,0.9988
2012-02-27,0.9983
2012-02-28,0.9956
2012-02-29,0.9866
2012-03-01,0.9849
2012-03-02,0.9888
2012-03-05,0.9936
2012-03-06,1.0015
2012-03-07,0.9993
2012-03-08,0.9921
2012-03-09,0.9895
2012-03-12,0.9935
2012-03-13,0.9905
2012-03-14,0.9915
2012-03-15,0.9929
2012-03-16,0.9914
2012-03-19,0.988
2012-03-20,0.9933
2012-03-21,0.9931
2012-03-22,1.0003
2012-03-23,0.9982
2012-03-26,0.9922
2012-03-27,0.9928
2012-03-28,0.9984
2012-03-29,0.9999
2012-03-30,0.9991
2012-04-02,0.9917
2012-04-03,0.991
2012-04-04,0.9962
2012-04-05,0.9928
2012-04-09,0.9972
2012-04-10,1.0028
2012-04-11,1.0039
2012-04-12,0.995
2012-04-13,0.9979
2012-04-16,1.0024
2012-04-17,0.9878
2012-04-18,0.9902
2012-04-19,0.9927
2012-04-20,0.9911
2012-04-23,0.9936
2012-04-24,0.9883
2012-04-25,0.9848
2012-04-26,0.9841
2012-04-27,0.9807
2012-04-30,0.9884
2012-05-01,0.9839
2012-05-02,0.9891
2012-05-03,0.9868
2012-05-04,0.9956
2012-05-07,0.9935
2012-05-08,0.9997
2012-05-09,1.0015
2012-05-10,1.0017
2012-05-11,0.9968
2012-05-14,1.0019
2012-05-15,1.0029
2012-05-16,1.0102
2012-05-17,1.0164
2012-05-18,1.021
2012-05-22,1.0191
2012-05-23,1.0275
2012-05-24,1.0275
2012-05-25,1.0285
2012-05-28,1.0241
2012-05-29,1.0253
2012-05-30,1.0286
2012-05-31,1.0349
2012-06-01,1.038
2012-06-04,1.0418
2012-06-05,1.0414
2012-06-06,1.0297
2012-06-07,1.0244
2012-06-08,1.0332
2012-06-11,1.0283
2012-06-12,1.0268
2012-06-13,1.027
2012-06-14,1.0247
2012-06-15,1.0244
2012-06-18,1.0266
2012-06-19,1.0178
2012-06-20,1.0194
2012-06-21,1.0251
2012-06-22,1.026
2012-06-25,1.0303
2012-06-26,1.0265
2012-06-27,1.0257
2012-06-28,1.0333
2012-06-29,1.0191
2012-07-03,1.0123
2012-07-04,1.0128
2012-07-05,1.0131
2012-07-06,1.0199
2012-07-09,1.0212
2012-07-10,1.0203
2012-07-11,1.0195
2012-07-12,1.0214
2012-07-13,1.0151
2012-07-16,1.0157
2012-07-17,1.0141
2012-07-18,1.0112
2012-07-19,1.0077
2012-07-20,1.0114
2012-07-23,1.0172
2012-07-24,1.0208
2012-07-25,1.0181
2012-07-26,1.0101
2012-07-27,1.006
2012-07-30,1.0033
2012-07-31,1.0014
2012-08-01,1.0017
2012-08-02,1.0062
2012-08-03,0.9986
2012-08-07,0.9964
2012-08-08,0.9947
2012-08-09,0.9924
2012-08-10,0.9916
2012-08-13,0.9933
2012-08-14,0.9914
2012-08-15,0.9891
2012-08-16,0.9881
2012-08-17,0.9885
2012-08-20,0.989
2012-08-21,0.9864
2012-08-22,0.9929
2012-08-23,0.9928
2012-08-24,0.992
2012-08-27,0.9892
2012-08-28,0.9864
2012-08-29,0.9875
2012-08-30,0.9926
2012-08-31,0.9863
2012-09-04,0.9863
2012-09-05,0.9902
2012-09-06,0.9825
2012-09-07,0.9778
2012-09-10,0.9762
2012-09-11,0.9724
2012-09-12,0.9757
2012-09-13,0.9753
2012-09-14,0.971
2012-09-17,0.9723
2012-09-18,0.9742
2012-09-19,0.9745
2012-09-20,0.9774
2012-09-21,0.9754
2012-09-24,0.9801
2012-09-25,0.977
2012-09-26,0.9842
2012-09-27,0.9814
2012-09-28,0.9837
2012-10-01,0.9827
2012-10-02,0.9829
2012-10-03,0.987
2012-10-04,0.9822
2012-10-05,0.9763
2012-10-09,0.9788
2012-10-10,0.9787
2012-10-11,0.9782
2012-10-12,0.9799
2012-10-15,0.9784
2012-10-16,0.9854
2012-10-17,0.9796
2012-10-18,0.9808
2012-10-19,0.9932
2012-10-22,0.9938
2012-10-23,0.9934
2012-10-24,0.9946
2012-10-25,0.9942
2012-10-26,0.999
2012-10-29,1.0004
2012-10-30,0.9994
2012-10-31,0.9996
2012-11-01,0.9973
2012-11-02,0.9964
2012-11-05,0.9965
2012-11-06,0.9936
2012-11-07,0.9972
2012-11-08,0.9986
2012-11-09,1.0006
2012-11-13,1.0016
2012-11-14,1.0018
2012-11-15,1.0025
2012-11-16,1.0028
2012-11-19,0.9964
2012-11-20,0.997
2012-11-21,0.998
2012-11-22,0.9974
2012-11-23,0.9927
2012-11-26,0.9949
2012-11-27,0.9936
2012-11-28,0.9929
2012-11-29,0.993
2012-11-30,0.9932
2012-12-03,0.9928
2012-12-04,0.9927
2012-12-05,0.9912
2012-12-06,0.991
2012-12-07,0.989
2012-12-10,0.9872
2012-12-11,0.9867
2012-12-12,0.9854
2012-12-13,0.9847
2012-12-14,0.986
2012-12-17,0.9841
2012-12-18,0.9854
2012-12-19,0.9868
2012-12-20,0.9883
2012-12-21,0.9942
2012-12-24,0.9913
2012-12-27,0.9949
2012-12-28,0.9952
2012-12-31,0.9949
2013-01-02,0.9859
2013-01-03,0.9853
2013-01-04,0.9856
2013-01-07,0.986
2013-01-08,0.9873
2013-01-09,0.9868
2013-01-10,0.986
2013-01-11,0.9841
2013-01-14,0.984
2013-01-15,0.9839
2013-01-16,0.985
2013-01-17,0.9853
2013-01-18,0.9937
2013-01-21,0.9933
2013-01-22,0.9934
2013-01-23,0.9986
2013-01-24,1.0026
2013-01-25,1.0078
2013-01-28,1.0069
2013-01-29,1.0029
2013-01-30,1.0033
2013-01-31,0.9992
2013-02-01,0.9987
2013-02-04,0.9977
2013-02-05,0.9972
2013-02-06,0.996
2013-02-07,0.9993
2013-02-08,1.002
2013-02-11,1.0065
2013-02-12,1.0029
2013-02-13,1.002
2013-02-14,1.0008
2013-02-15,1.007
2013-02-19,1.0118
2013-02-20,1.0163
2013-02-21,1.0185
2013-02-22,1.0224
2013-02-25,1.0265
2013-02-26,1.028
2013-02-27,1.025
2013-02-28,1.0285
2013-03-01,1.0285
2013-03-04,1.0298
2013-03-05,1.029
2013-03-06,1.0314
2013-03-07,1.0302
2013-03-08,1.0273
2013-03-11,1.0268
2013-03-12,1.0254
2013-03-13,1.0273
2013-03-14,1.0261
2013-03-15,1.0193
2013-03-18,1.0217
2013-03-19,1.0274
2013-03-20,1.0268
2013-03-21,1.0241
2013-03-22,1.0225
2013-03-25,1.0218
2013-03-26,1.0166
2013-03-27,1.017
2013-03-28,1.0156
2013-04-01,1.0167
2013-04-02,1.0148
2013-04-03,1.0134
2013-04-04,1.0139
2013-04-05,1.0191
2013-04-08,1.0198
2013-04-09,1.0162
2013-04-10,1.015
2013-04-11,1.0107
2013-04-12,1.0134
2013-04-15,1.0206
2013-04-16,1.023
2013-04-17,1.0262
2013-04-18,1.0255
2013-04-19,1.0264
2013-04-22,1.0263
2013-04-23,1.0259
2013-04-24,1.027
2013-04-25,1.0194
2013-04-26,1.017
2013-04-29,1.0138
2013-04-30,1.0072
2013-05-01,1.0084
2013-05-02,1.0083
2013-05-03,1.0079
2013-05-06,1.0075
2013-05-07,1.0052
2013-05-08,1.0023
2013-05-09,1.0027
2013-05-10,1.0124
2013-05-13,1.0108
2013-05-14,1.0148
2013-05-15,1.0173
2013-05-16,1.0163
2013-05-17,1.0269
2013-05-21,1.0277
2013-05-22,1.0333
2013-05-23,1.031
2013-05-24,1.0323
2013-05-27,1.0329
2013-05-28,1.0371
2013-05-29,1.037
2013-05-30,1.0309
2013-05-31,1.0339
2013-06-03,1.0291
2013-06-04,1.0348
2013-06-05,1.0345
2013-06-06,1.0238
2013-06-07,1.021
2013-06-10,1.0187
2013-06-11,1.019
2013-06-12,1.0202
2013-06-13,1.017
2013-06-14,1.0177
2013-06-17,1.0176
2013-06-18,1.0209
2013-06-19,1.0187
2013-06-20,1.0387
2013-06-21,1.047
2013-06-24,1.0532
2013-06-25,1.0513
2013-06-26,1.0469
2013-06-27,1.048
2013-06-28,1.0512
2013-07-02,1.053
2013-07-03,1.0523
2013-07-04,1.0513
2013-07-05,1.0568
2013-07-08,1.0576
2013-07-09,1.053
2013-07-10,1.0511
2013-07-11,1.0389
2013-07-12,1.0392
2013-07-15,1.0413
2013-07-16,1.0388
2013-07-17,1.0425
2013-07-18,1.0396
2013-07-19,1.0363
2013-07-22,1.0337
2013-07-23,1.0304
2013-07-24,1.0298
2013-07-25,1.0283
2013-07-26,1.0291
2013-07-29,1.0261
2013-07-30,1.0293
2013-07-31,1.0287
2013-08-01,1.0338
2013-08-02,1.0382
2013-08-06,1.0379
2013-08-07,1.0416
2013-08-08,1.0348
2013-08-09,1.0303
2013-08-12,1.0297
2013-08-13,1.0345
2013-08-14,1.0322
2013-08-15,1.034
2013-08-16,1.0345
2013-08-19,1.0334
2013-08-20,1.0376
2013-08-21,1.0443
2013-08-22,1.0512
2013-08-23,1.0515
2013-08-26,1.0514
2013-08-27,1.0503
2013-08-28,1.049
2013-08-29,1.0526
2013-08-30,1.0553
2013-09-03,1.0533
2013-09-04,1.0482
2013-09-05,1.05
2013-09-06,1.039
2013-09-09,1.0366
2013-09-10,1.0357
2013-09-11,1.0337
2013-09-12,1.032
2013-09-13,1.0341
2013-09-16,1.0316
2013-09-17,1.0291
2013-09-18,1.0312
2013-09-19,1.0237
2013-09-20,1.0287
2013-09-23,1.0283
2013-09-24,1.0295
2013-09-25,1.0295
2013-09-26,1.0321
2013-09-27,1.03
2013-09-30,1.0285
2013-10-01,1.0333
2013-10-02,1.0332
2013-10-03,1.0323
2013-10-04,1.0306
2013-10-07,1.0306
2013-10-08,1.0331
2013-10-09,1.0397
2013-10-10,1.0383
2013-10-11,1.0385
2013-10-15,1.0371
2013-10-16,1.0345
2013-10-17,1.0285
2013-10-18,1.0287
2013-10-21,1.0297
2013-10-22,1.0284
2013-10-23,1.0385
2013-10-24,1.0422
2013-10-25,1.045
2013-10-28,1.0445
2013-10-29,1.0445
2013-10-30,1.0456
2013-10-31,1.0429
2013-11-01,1.0443
2013-11-04,1.0415
2013-11-05,1.0448
2013-11-06,1.0419
2013-11-07,1.0442
2013-11-08,1.0487
2013-11-12,1.0502
2013-11-13,1.0468
2013-11-14,1.0497
2013-11-15,1.0458
2013-11-18,1.0427
2013-11-19,1.0466
2013-11-20,1.0445
2013-11-21,1.0506
2013-11-22,1.0535
2013-11-25,1.0554
2013-11-26,1.0547
2013-11-27,1.0595
2013-11-28,1.0593
2013-11-29,1.0599
2013-12-02,1.0634
2013-12-03,1.0662
2013-12-04,1.0696
2013-12-05,1.0638
2013-12-06,1.0663
2013-12-09,1.0641
2013-12-10,1.0623
2013-12-11,1.0607
2013-12-12,1.0641
2013-12-13,1.0595
2013-12-16,1.0577
2013-12-17,1.061
2013-12-18,1.0645
2013-12-19,1.0676
2013-12-20,1.068
2013-12-23,1.0603
2013-12-24,1.0619
2013-12-27,1.0697
2013-12-30,1.064
2013-12-31,1.0636
2014-01-02,1.0633
2014-01-03,1.0614
2014-01-06,1.0659
2014-01-07,1.0742
2014-01-08,1.0804
2014-01-09,1.0851
2014-01-10,1.0917
2014-01-13,1.0869
2014-01-14,1.0934
2014-01-15,1.0933
2014-01-16,1.0926
2014-01-17,1.0961
2014-01-20,1.0962
2014-01-21,1.0972
2014-01-22,1.1069
2014-01-23,1.113
2014-01-24,1.1062
2014-01-27,1.1098
2014-01-28,1.1148
2014-01-29,1.1148
2014-01-30,1.1171
2014-01-31,1.1119
2014-02-03,1.1076
2014-02-04,1.1055
2014-02-05,1.1101
2014-02-06,1.1066
2014-02-07,1.1018
2014-02-10,1.1048
2014-02-11,1.1025
2014-02-12,1.0993
2014-02-13,1.098
2014-02-14,1.0981
2014-02-18,1.0953
2014-02-19,1.1045
2014-02-20,1.1104
2014-02-21,1.1128
2014-02-24,1.1058
2014-02-25,1.1084
2014-02-26,1.1117
2014-02-27,1.114
2014-02-28,1.1075
2014-03-03,1.1092
2014-03-04,1.1114
2014-03-05,1.1051
2014-03-06,1.0966
2014-03-07,1.1089
2014-03-10,1.1105
2014-03-11,1.1085
2014-03-12,1.1132
2014-03-13,1.1057
2014-03-14,1.1087
2014-03-17,1.1052
2014-03-18,1.1086
2014-03-19,1.1179
2014-03-20,1.1251
2014-03-21,1.1194
2014-03-24,1.1217
2014-03-25,1.1176
2014-03-26,1.1143
2014-03-27,1.1057
2014-03-28,1.1064
2014-03-31,1.1053
2014-04-01,1.1027
2014-04-02,1.1031
2014-04-03,1.1035
2014-04-04,1.0978
2014-04-07,1.0971
2014-04-08,1.0922
2014-04-09,1.0903
2014-04-10,1.0912
2014-04-11,1.096
2014-04-14,1.097
2014-04-15,1.0981
2014-04-16,1.1028
2014-04-17,1.0998
2014-04-21,1.1021
2014-04-22,1.1026
2014-04-23,1.1032
2014-04-24,1.1027
2014-04-25,1.1042
2014-04-28,1.1033
2014-04-29,1.0963
2014-04-30,1.0957
2014-05-01,1.0965
2014-05-02,1.0973
2014-05-05,1.0955
2014-05-06,1.089
2014-05-07,1.0896
2014-05-08,1.0858
2014-05-09,1.09
2014-05-12,1.0887
2014-05-13,1.0892
2014-05-14,1.0887
2014-05-15,1.0887
2014-05-16,1.0882
2014-05-20,1.0901
2014-05-21,1.0933
2014-05-22,1.0898
2014-05-23,1.087
2014-05-26,1.0854
2014-05-27,1.0869
2014-05-28,1.0867
2014-05-29,1.0837
2014-05-30,1.0867
2014-06-02,1.0895
2014-06-03,1.0915
2014-06-04,1.0937
2014-06-05,1.0934
2014-06-06,1.0936
2014-06-09,1.091
2014-06-10,1.0915
2014-06-11,1.0867
2014-06-12,1.0851
2014-06-13,1.0868
2014-06-16,1.085
2014-06-17,1.0852
2014-06-18,1.087
2014-06-19,1.0828
2014-06-20,1.0766
2014-06-23,1.0731
2014-06-24,1.074
2014-06-25,1.0721
2014-06-26,1.0707
2014-06-27,1.0676
2014-06-30,1.0676
2014-07-02,1.0667
2014-07-03,1.0634
2014-07-04,1.0639
2014-07-07,1.0662
2014-07-08,1.0674
2014-07-09,1.065
2014-07-10,1.0658
2014-07-11,1.072
2014-07-14,1.0722
2014-07-15,1.0766
2014-07-16,1.075
2014-07-17,1.0753
2014-07-18,1.0737
2014-07-21,1.0737
2014-07-22,1.0745
2014-07-23,1.0741
2014-07-24,1.0742
2014-07-25,1.0814
2014-07-28,1.0801
2014-07-29,1.0851
2014-07-30,1.0909
2014-07-31,1.089
2014-08-01,1.0919
2014-08-05,1.097
2014-08-06,1.0926
2014-08-07,1.0922
2014-08-08,1.0982
2014-08-11,1.0935
2014-08-12,1.0944
2014-08-13,1.0929
2014-08-14,1.0911
2014-08-15,1.091
2014-08-18,1.0889
2014-08-19,1.0929
2014-08-20,1.0944
2014-08-21,1.0948
2014-08-22,1.095
2014-08-25,1.098
2014-08-26,1.0951
2014-08-27,1.0891
2014-08-28,1.0857
2014-08-29,1.0858
2014-09-02,1.0925
2014-09-03,1.0873
2014-09-04,1.0863
2014-09-05,1.089
2014-09-08,1.0933
2014-09-09,1.1012
2014-09-10,1.0955
2014-09-11,1.1032
2014-09-12,1.1076
2014-09-15,1.1051
2014-09-16,1.099
2014-09-17,1.0952
2014-09-18,1.0946
2014-09-19,1.0969
2014-09-22,1.1008
2014-09-23,1.106
2014-09-24,1.109
2014-09-25,1.1106
2014-09-26,1.1164
2014-09-29,1.1145
2014-09-30,1.1208
2014-10-01,1.1171
2014-10-02,1.1151
2014-10-03,1.1256
2014-10-06,1.1175
2014-10-07,1.1182
2014-10-08,1.1182
2014-10-09,1.1149
2014-10-10,1.1177
2014-10-14,1.1236
2014-10-15,1.1289
2014-10-16,1.1266
2014-10-17,1.1248
2014-10-20,1.1277
2014-10-21,1.1219
2014-10-22,1.1219
2014-10-23,1.1237
2014-10-24,1.1213
2014-10-27,1.1247
2014-10-28,1.1178
2014-10-29,1.1136
2014-10-30,1.1193
2014-10-31,1.1275
2014-11-03,1.132
2014-11-04,1.1397
2014-11-05,1.1377
2014-11-06,1.1424
2014-11-07,1.136
2014-11-10,1.1345
2014-11-12,1.1284
2014-11-13,1.135
2014-11-14,1.1294
2014-11-17,1.1308
2014-11-18,1.1305
2014-11-19,1.135
2014-11-20,1.1312
2014-11-21,1.1238
2014-11-24,1.1282
2014-11-25,1.1261
2014-11-26,1.1236
2014-11-27,1.1333
2014-11-28,1.1427
2014-12-01,1.1344
2014-12-02,1.14
2014-12-03,1.136
2014-12-04,1.1373
2014-12-05,1.1423
2014-12-08,1.1472
2014-12-09,1.1422
2014-12-10,1.1482
2014-12-11,1.1535
2014-12-12,1.154
2014-12-15,1.163
2014-12-16,1.1625
2014-12-17,1.1629
2014-12-18,1.1594
2014-12-19,1.1629
2014-12-22,1.1643
2014-12-23,1.1627
2014-12-24,1.1623
2014-12-29,1.1632
2014-12-30,1.1599
2014-12-31,1.1601
2015-01-02,1.1728
2015-01-05,1.1787
2015-01-06,1.1804
2015-01-07,1.1851
2015-01-08,1.1812
2015-01-09,1.1857
2015-01-12,1.193
2015-01-13,1.1948
2015-01-14,1.1958
2015-01-15,1.1932
2015-01-16,1.1986
2015-01-19,1.1966
2015-01-20,1.2085
2015-01-21,1.2374
2015-01-22,1.2371
2015-01-23,1.2403
2015-01-26,1.2411
2015-01-27,1.2404
2015-01-28,1.2451
2015-01-29,1.2644
2015-01-30,1.2717
2015-02-02,1.2578
2015-02-03,1.2456
2015-02-04,1.255
2015-02-05,1.2422
2015-02-06,1.2523
2015-02-09,1.2448
2015-02-10,1.2528
2015-02-11,1.2635
2015-02-12,1.2462
2015-02-13,1.2449
2015-02-17,1.2403
2015-02-18,1.2455
2015-02-19,1.2486
2015-02-20,1.2506
2015-02-23,1.258
2015-02-24,1.2603
2015-02-25,1.2419
2015-02-26,1.249
2015-02-27,1.2508
2015-03-02,1.2535
2015-03-03,1.2452
2015-03-04,1.244
2015-03-05,1.2482
2015-03-06,1.2616
2015-03-09,1.2598
2015-03-10,1.2633
2015-03-11,1.2764
2015-03-12,1.2691
2015-03-13,1.2803
2015-03-16,1.2765
2015-03-17,1.2769
2015-03-18,1.2771
2015-03-19,1.2744
2015-03-20,1.2595
2015-03-23,1.2516
2015-03-24,1.2511
2015-03-25,1.2513
2015-03-26,1.2471
2015-03-27,1.258
2015-03-30,1.2689
2015-03-31,1.2683
2015-04-01,1.2612
2015-04-02,1.2585
2015-04-06,1.2452
2015-04-07,1.2488
2015-04-08,1.2508
2015-04-09,1.258
2015-04-10,1.2595
2015-04-13,1.2602
2015-04-14,1.2478
2015-04-15,1.2379
2015-04-16,1.2206
2015-04-17,1.2229
2015-04-20,1.2204
2015-04-21,1.2274
2015-04-22,1.225
2015-04-23,1.2147
2015-04-24,1.2166
2015-04-27,1.2105
2015-04-28,1.2021
2015-04-29,1.1954
2015-04-30,1.2119
2015-05-01,1.2192
2015-05-04,1.2111
2015-05-05,1.204
2015-05-06,1.2009
2015-05-07,1.2139
2015-05-08,1.2088
2015-05-11,1.2105
2015-05-12,1.1987
2015-05-13,1.1951
2015-05-14,1.1992
2015-05-15,1.201
2015-05-19,1.2211
2015-05-20,1.2212
2015-05-21,1.2201
2015-05-22,1.2288
2015-05-25,1.2304
2015-05-26,1.243
2015-05-27,1.2485
2015-05-28,1.2477
2015-05-29,1.2465
2015-06-01,1.255
2015-06-02,1.2423
2015-06-03,1.2436
2015-06-04,1.2477
2015-06-05,1.2489
2015-06-08,1.2435
2015-06-09,1.2317
2015-06-10,1.2267
2015-06-11,1.2314
2015-06-12,1.2304
2015-06-15,1.2323
2015-06-16,1.233
2015-06-17,1.2308
2015-06-18,1.2209
2015-06-19,1.2279
2015-06-22,1.2288
2015-06-23,1.2327
2015-06-24,1.2415
2015-06-25,1.2347
2015-06-26,1.2359
2015-06-29,1.2382
2015-06-30,1.2474
2015-07-02,1.2566
2015-07-03,1.2571
2015-07-06,1.2626
2015-07-07,1.274
2015-07-08,1.2722
2015-07-09,1.2729
2015-07-10,1.2715
2015-07-13,1.2762
2015-07-14,1.2748
2015-07-15,1.2937
2015-07-16,1.2939
2015-07-17,1.2998
2015-07-20,1.2982
2015-07-21,1.2961
2015-07-22,1.3026
2015-07-23,1.303
2015-07-24,1.306
2015-07-27,1.3009
2015-07-28,1.2934
2015-07-29,1.2893
2015-07-30,1.3026
2015-07-31,1.3047
2015-08-04,1.3125
2015-08-05,1.3183
2015-08-06,1.3152
2015-08-07,1.3122
2015-08-10,1.3056
2015-08-11,1.3148
2015-08-12,1.2973
2015-08-13,1.3078
2015-08-14,1.3078
2015-08-17,1.3091
2015-08-18,1.3073
2015-08-19,1.3165
2015-08-20,1.308
2015-08-21,1.3149
2015-08-24,1.3213
2015-08-25,1.3296
2015-08-26,1.3303
2015-08-27,1.3197
2015-08-28,1.3269
2015-08-31,1.3223
2015-09-01,1.3179
2015-09-02,1.3311
2015-09-03,1.3199
2015-09-04,1.3273
2015-09-08,1.3195
2015-09-09,1.3223
2015-09-10,1.3219
2015-09-11,1.3276
2015-09-14,1.327
2015-09-15,1.3263
2015-09-16,1.3178
2015-09-17,1.3186
2015-09-18,1.3147
2015-09-21,1.325
2015-09-22,1.3278
2015-09-23,1.3315
2015-09-24,1.3351
2015-09-25,1.3325
2015-09-28,1.3361
2015-09-29,1.3413
2015-09-30,1.3394
2015-10-01,1.3242
2015-10-02,1.3214
2015-10-05,1.3085
2015-10-06,1.3056
2015-10-07,1.3036
2015-10-08,1.3018
2015-10-09,1.2946
2015-10-13,1.2986
2015-10-14,1.2982
2015-10-15,1.2904
2015-10-16,1.2933
2015-10-19,1.2998
2015-10-20,1.2974
2015-10-21,1.3116
2015-10-22,1.3088
2015-10-23,1.3172
2015-10-26,1.3134
2015-10-27,1.3241
2015-10-28,1.3148
2015-10-29,1.317
2015-10-30,1.3083
2015-11-02,1.3095
2015-11-03,1.3106
2015-11-04,1.3164
2015-11-05,1.3167
2015-11-06,1.3308
2015-11-09,1.3275
2015-11-10,1.3259
2015-11-12,1.3307
2015-11-13,1.3332
2015-11-16,1.3353
2015-11-17,1.3324
2015-11-18,1.3353
2015-11-19,1.3267
2015-11-20,1.3338
2015-11-23,1.3357
2015-11-24,1.3308
2015-11-25,1.3301
2015-11-26,1.33
2015-11-27,1.336
2015-11-30,1.3333
2015-12-01,1.3372
2015-12-02,1.336
2015-12-03,1.3394
2015-12-04,1.3365
2015-12-07,1.3508
2015-12-08,1.3593
2015-12-09,1.3595
2015-12-10,1.3599
2015-12-11,1.3696
2015-12-14,1.3733
2015-12-15,1.3728
2015-12-16,1.3805
2015-12-17,1.397
2015-12-18,1.3882
2015-12-21,1.399
2015-12-22,1.3929
2015-12-23,1.386
2015-12-24,1.3845
2015-12-29,1.385
2015-12-30,1.3884
2015-12-31,1.384
2016-01-04,1.3969
2016-01-05,1.3993
2016-01-06,1.4084
2016-01-07,1.4061
2016-01-08,1.4151
2016-01-11,1.4205
2016-01-12,1.4291
2016-01-13,1.4294
2016-01-14,1.4373
2016-01-15,1.4528
2016-01-18,1.4507
2016-01-19,1.4514
2016-01-20,1.4589
2016-01-21,1.4243
2016-01-22,1.4151
2016-01-25,1.4252
2016-01-26,1.4062
2016-01-27,1.4043
2016-01-28,1.4073
2016-01-29,1.408
2016-02-01,1.4006
2016-02-02,1.404
2016-02-03,1.3846
2016-02-04,1.3726
2016-02-05,1.3876
2016-02-08,1.3921
2016-02-09,1.382
2016-02-10,1.3968
2016-02-11,1.393
2016-02-12,1.3835
2016-02-16,1.386
2016-02-17,1.3684
2016-02-18,1.3721
2016-02-19,1.3801
2016-02-22,1.3685
2016-02-23,1.3792
2016-02-24,1.3766
2016-02-25,1.3575
2016-02-26,1.3547
2016-02-29,1.3523
2016-03-01,1.3407
2016-03-02,1.3468
2016-03-03,1.3407
2016-03-04,1.3337
2016-03-07,1.3301
2016-03-08,1.3389
2016-03-09,1.3236
2016-03-10,1.3373
2016-03-11,1.3215
2016-03-14,1.3293
2016-03-15,1.3359
2016-03-16,1.3362
2016-03-17,1.2984
2016-03-18,1.2982
2016-03-21,1.3069
2016-03-22,1.3051
2016-03-23,1.3203
2016-03-24,1.3269
2016-03-28,1.3184
2016-03-29,1.3154
2016-03-30,1.2962
2016-03-31,1.2971
2016-04-01,1.3047
2016-04-04,1.3036
2016-04-05,1.317
2016-04-06,1.3077
2016-04-07,1.3163
2016-04-08,1.2995
2016-04-11,1.2913
2016-04-12,1.2799
2016-04-13,1.2792
2016-04-14,1.2836
2016-04-15,1.2858
2016-04-18,1.2815
2016-04-19,1.2656
2016-04-20,1.2627
2016-04-21,1.271
2016-04-22,1.2674
2016-04-25,1.268
2016-04-26,1.2614
2016-04-27,1.2635
2016-04-28,1.2544
2016-04-29,1.2549
2016-05-02,1.2548
2016-05-03,1.2686
2016-05-04,1.2884
2016-05-05,1.2853
2016-05-06,1.2921
2016-05-09,1.2994
2016-05-10,1.2959
2016-05-11,1.2836
2016-05-12,1.2858
2016-05-13,1.294
2016-05-16,1.2887
2016-05-17,1.2885
2016-05-18,1.2928
2016-05-19,1.3116
2016-05-20,1.3136
2016-05-24,1.3118
2016-05-25,1.309
2016-05-26,1.2981
2016-05-27,1.3003
2016-05-30,1.3061
2016-05-31,1.31
2016-06-01,1.3091
2016-06-02,1.308
2016-06-03,1.2948
2016-06-06,1.2856
2016-06-07,1.2789
2016-06-08,1.2695
2016-06-09,1.2731
2016-06-10,1.2736
2016-06-13,1.2792
2016-06-14,1.2835
2016-06-15,1.2914
2016-06-16,1.3041
2016-06-17,1.2878
2016-06-20,1.2807
2016-06-21,1.2818
2016-06-22,1.282
2016-06-23,1.2752
2016-06-24,1.2952
2016-06-27,1.3078
2016-06-28,1.309
2016-06-29,1.2991
2016-06-30,1.3009
2016-07-04,1.2844
2016-07-05,1.2949
2016-07-06,1.3005
2016-07-07,1.2984
2016-07-08,1.3073
2016-07-11,1.3127
2016-07-12,1.3016
2016-07-13,1.2965
2016-07-14,1.2915
2016-07-15,1.2975
2016-07-18,1.2984
2016-07-19,1.3029
2016-07-20,1.304
2016-07-21,1.3057
2016-07-22,1.3178
2016-07-25,1.3225
2016-07-26,1.3209
2016-07-27,1.322
2016-07-28,1.317
2016-07-29,1.3041
2016-08-02,1.3089
2016-08-03,1.308
2016-08-04,1.3025
2016-08-05,1.318
2016-08-08,1.3164
2016-08-09,1.3117
2016-08-10,1.306
2016-08-11,1.3007
2016-08-12,1.2945
2016-08-15,1.2922
2016-08-16,1.2862
2016-08-17,1.2885
2016-08-18,1.2775
2016-08-19,1.2878
2016-08-22,1.2942
2016-08-23,1.2902
2016-08-24,1.294
2016-08-25,1.2937
2016-08-26,1.2947
2016-08-29,1.3019
2016-08-30,1.3076
2016-08-31,1.3124
2016-09-01,1.3107
2016-09-02,1.2999
2016-09-06,1.2843
2016-09-07,1.2895
2016-09-08,1.2909
2016-09-09,1.3033
2016-09-12,1.3077
2016-09-13,1.3167
2016-09-14,1.3189
2016-09-15,1.3146
2016-09-16,1.3213
2016-09-19,1.3181
2016-09-20,1.3228
2016-09-21,1.3186
2016-09-22,1.3039
2016-09-23,1.3165
2016-09-26,1.3197
2016-09-27,1.3248
2016-09-28,1.3242
2016-09-29,1.3101
2016-09-30,1.3117
2016-10-03,1.3137
2016-10-04,1.317
2016-10-05,1.3178
2016-10-06,1.321
2016-10-07,1.3304
2016-10-11,1.3239
2016-10-12,1.3277
2016-10-13,1.3219
2016-10-14,1.3168
2016-10-17,1.3138
2016-10-18,1.3104
2016-10-19,1.3107
2016-10-20,1.3198
2016-10-21,1.3324
2016-10-24,1.3388
2016-10-25,1.3334
2016-10-26,1.336
2016-10-27,1.3386
2016-10-28,1.3385
2016-10-31,1.3403
2016-11-01,1.3379
2016-11-02,1.339
2016-11-03,1.3386
2016-11-04,1.3412
2016-11-07,1.3383
2016-11-08,1.3337
2016-11-09,1.3408
2016-11-10,1.3475
2016-11-14,1.3582
2016-11-15,1.3468
2016-11-16,1.3416
2016-11-17,1.3429
2016-11-18,1.3519
2016-11-21,1.3437
2016-11-22,1.3444
2016-11-23,1.347
2016-11-24,1.3487
2016-11-25,1.3514
2016-11-28,1.3401
2016-11-29,1.3435
2016-11-30,1.3426
2016-12-01,1.3331
2016-12-02,1.3298
2016-12-05,1.3272
2016-12-06,1.3281
2016-12-07,1.3252
2016-12-08,1.3221
2016-12-09,1.3164
2016-12-12,1.314
2016-12-13,1.312
2016-12-14,1.3123
2016-12-15,1.3397
2016-12-16,1.3338
2016-12-19,1.3397
2016-12-20,1.3378
2016-12-21,1.3401
2016-12-22,1.3468
2016-12-23,1.3535
2016-12-28,1.3556
2016-12-29,1.3488
2016-12-30,1.3427
2017-01-03,1.3438
2017-01-04,1.3293
2017-01-05,1.3216
2017-01-06,1.3216
2017-01-09,1.3222
2017-01-10,1.3208
2017-01-11,1.3232
2017-01-12,1.313
2017-01-13,1.3135
2017-01-16,1.3163
2017-01-17,1.306
2017-01-18,1.3177
2017-01-19,1.3329
2017-01-20,1.3339
2017-01-23,1.3289
2017-01-24,1.3152
2017-01-25,1.3075
2017-01-26,1.3104
2017-01-27,1.3108
2017-01-30,1.3093
2017-01-31,1.303
2017-02-01,1.3089
2017-02-02,1.3019
2017-02-03,1.3004
2017-02-06,1.3117
2017-02-07,1.3167
2017-02-08,1.3157
2017-02-09,1.3141
2017-02-10,1.3074
2017-02-13,1.3071
2017-02-14,1.3093
2017-02-15,1.3084
2017-02-16,1.3058
2017-02-17,1.3116
2017-02-21,1.3149
2017-02-22,1.3187
2017-02-23,1.3109
2017-02-24,1.3104
2017-02-27,1.3101
2017-02-28,1.3248
2017-03-01,1.3346
2017-03-02,1.3384
2017-03-03,1.3405
2017-03-06,1.3404
2017-03-07,1.3417
2017-03-08,1.3475
2017-03-09,1.3513
2017-03-10,1.3464
2017-03-13,1.3447
2017-03-14,1.3484
2017-03-15,1.3428
2017-03-16,1.3319
2017-03-17,1.3337
2017-03-20,1.3358
2017-03-21,1.3317
2017-03-22,1.336
2017-03-23,1.3336
2017-03-24,1.3374
2017-03-27,1.3373
2017-03-28,1.3374
2017-03-29,1.3364
2017-03-30,1.3304
2017-03-31,1.331
2017-04-03,1.3384
2017-04-04,1.3425
2017-04-05,1.3409
2017-04-06,1.3418
2017-04-07,1.3395
2017-04-10,1.3349
2017-04-11,1.3332
2017-04-12,1.33
2017-04-13,1.3275
2017-04-17,1.3289
2017-04-18,1.3377
2017-04-19,1.346
2017-04-20,1.3482
2017-04-21,1.3506
2017-04-24,1.3492
2017-04-25,1.3592
2017-04-26,1.3593
2017-04-27,1.3624
2017-04-28,1.3662
2017-05-01,1.366
2017-05-02,1.372
2017-05-03,1.3714
2017-05-04,1.3743
2017-05-05,1.3712
2017-05-08,1.3705
2017-05-09,1.3728
2017-05-10,1.3672
2017-05-11,1.3707
2017-05-12,1.3714
2017-05-15,1.3641
2017-05-16,1.3596
2017-05-17,1.3614
2017-05-18,1.3611
2017-05-19,1.3544
2017-05-23,1.349
2017-05-24,1.346
2017-05-25,1.3453
2017-05-26,1.3456
2017-05-29,1.3446
2017-05-30,1.3469
2017-05-31,1.35
2017-06-01,1.35
2017-06-02,1.3504
2017-06-05,1.3483
2017-06-06,1.3461
2017-06-07,1.3492
2017-06-08,1.3503
2017-06-09,1.3453
2017-06-12,1.3415
2017-06-13,1.3238
2017-06-14,1.3209
2017-06-15,1.3283
2017-06-16,1.3232
2017-06-19,1.322
2017-06-20,1.3267
2017-06-21,1.331
2017-06-22,1.3241
2017-06-23,1.3268
2017-06-26,1.3238
2017-06-27,1.3188
2017-06-28,1.306
2017-06-29,1.3015
2017-06-30,1.2977
2017-07-04,1.2941
2017-07-05,1.2982
2017-07-06,1.2946
2017-07-07,1.2887
2017-07-10,1.2888
2017-07-11,1.292
2017-07-12,1.2794
2017-07-13,1.2743
2017-07-14,1.2672
2017-07-17,1.2669
2017-07-18,1.2628
2017-07-19,1.2595
2017-07-20,1.2585
2017-07-21,1.2549
2017-07-24,1.2512
2017-07-25,1.2507
2017-07-26,1.2505
2017-07-27,1.252
2017-07-28,1.2447
2017-07-31,1.2485
2017-08-01,1.2514
2017-08-02,1.256
2017-08-03,1.2578
2017-08-04,1.2638
2017-08-08,1.2672
2017-08-09,1.2705
2017-08-10,1.2711
2017-08-11,1.2685
2017-08-14,1.2705
2017-08-15,1.2755
2017-08-16,1.2699
2017-08-17,1.2647
2017-08-18,1.2586
2017-08-21,1.2575
2017-08-22,1.2552
2017-08-23,1.2564
2017-08-24,1.2529
2017-08-25,1.2492
2017-08-28,1.2482
2017-08-29,1.2515
2017-08-30,1.2605
2017-08-31,1.2536
2017-09-01,1.239
2017-09-05,1.2371
2017-09-06,1.2264
2017-09-07,1.2148
2017-09-08,1.2132
2017-09-11,1.2128
2017-09-12,1.2159
2017-09-13,1.2187
2017-09-14,1.2198
2017-09-15,1.2182
2017-09-18,1.2238
2017-09-19,1.2277
2017-09-20,1.2273
2017-09-21,1.2339
2017-09-22,1.2317
2017-09-25,1.2341
2017-09-26,1.237
2017-09-27,1.2412
2017-09-28,1.245
2017-09-29,1.248
2017-10-02,1.2505
2017-10-03,1.25
2017-10-04,1.2479
2017-10-05,1.2548
2017-10-06,1.2549
2017-10-10,1.2501
2017-10-11,1.2498
2017-10-12,1.2472
2017-10-13,1.2487
2017-10-16,1.2529
2017-10-17,1.2548
2017-10-18,1.2486
2017-10-19,1.2478
2017-10-20,1.2601
2017-10-23,1.2644
2017-10-24,1.2666
2017-10-25,1.2771
2017-10-26,1.2831
2017-10-27,1.2874
2017-10-30,1.2837
2017-10-31,1.2893
2017-11-01,1.2885
2017-11-02,1.2822
2017-11-03,1.2764
2017-11-06,1.2746
2017-11-07,1.2785
2017-11-08,1.2729
2017-11-09,1.2692
2017-11-10,1.2683
2017-11-14,1.2733
2017-11-15,1.2773
2017-11-16,1.2745
2017-11-17,1.2783
2017-11-20,1.2793
2017-11-21,1.2778
2017-11-22,1.2729
2017-11-23,1.2715
2017-11-24,1.2708
2017-11-27,1.2735
2017-11-28,1.2807
2017-11-29,1.2853
2017-11-30,1.2888
2017-12-01,1.2729
2017-12-04,1.2695
2017-12-05,1.268
2017-12-06,1.2757
2017-12-07,1.2843
2017-12-08,1.286
2017-12-11,1.2854
2017-12-12,1.2871
2017-12-13,1.2852
2017-12-14,1.2805
2017-12-15,1.2834
2017-12-18,1.2865
2017-12-19,1.2886
2017-12-20,1.2842
2017-12-21,1.2734
2017-12-22,1.2759
2017-12-27,1.2641
2017-12-28,1.2588
2017-12-29,1.2545
2018-01-02,1.2517
2018-01-03,1.2533
2018-01-04,1.2515
2018-01-05,1.2403
2018-01-08,1.2422
2018-01-09,1.2454
2018-01-10,1.2496
2018-01-11,1.2535
2018-01-12,1.2504
2018-01-15,1.2422
2018-01-16,1.2419
2018-01-17,1.2425
2018-01-18,1.2446
2018-01-19,1.2459
2018-01-22,1.2458
2018-01-23,1.2454
2018-01-24,1.2341
2018-01-25,1.2323
